{
    "mse_unprivileged": 3.2165613072721544,
    "mae_unprivileged": 1.5268181625478479,
    "rmsle_unprivileged": 0.5652476271098179,
    "mean_prediction_unprivileged": 2.1919918060302734,
    "mae_diff": 1.5268181625478479,
    "mean_outcome_difference": 2.1919918060302734,
    "is_mod_acceptable": 0,
    "model_version": "dfn_85123A_16640",
    "sensitive_feature": "is_registered",
    "privileged_group": 1,
    "mod_threshold": 0.1,
    "stockcode": "85123A",
    "timestamp": "2025-10-06T20:27:52.705889"
}
