{
    "mse_unprivileged": 4.870087981433286,
    "mae_unprivileged": 1.7727332376910263,
    "rmsle_unprivileged": 0.6660630606255288,
    "mean_prediction_unprivileged": 2.466989040374756,
    "mae_diff": 1.7727332376910263,
    "mean_outcome_difference": 2.466989040374756,
    "is_mod_acceptable": 0,
    "model_version": "dfn_85123A_21483",
    "sensitive_feature": "is_registered",
    "privileged_group": 1,
    "mod_threshold": 0.1,
    "stockcode": "85123A",
    "timestamp": "2025-10-06T21:35:39.131231"
}
