{
    "mse_unprivileged": 1.2081728830692668,
    "mae_unprivileged": 0.8913292070870376,
    "rmsle_unprivileged": 0.37622654114052606,
    "mean_prediction_unprivileged": 1.6843650341033936,
    "mae_diff": 0.8913292070870376,
    "mean_outcome_difference": 1.6843650341033936,
    "is_mod_acceptable": 0,
    "model_version": "dfn_85123A_18990",
    "sensitive_feature": "is_registered",
    "privileged_group": 1,
    "mod_threshold": 0.1,
    "stockcode": "85123A",
    "timestamp": "2025-10-06T21:01:13.003305"
}
