{
    "mse": 4.5036139488220215,
    "mae": 15.81186580657959,
    "rmsle": 1.6853187084197998,
    "timestamp": "2025-10-04T17:05:59.987519"
}
